Rating,Review Count,Product URL
3.3 out of 5 stars,2,https://www.amazon.in//gp/slredirect/picassoRedirect.html/ref=pa_sp_atf_next_aps_sr_pg2_1?ie=UTF8&adId=A08599072MWNXFTLAOK40&url=%2FAsus-zenbook-3-Deluxe-UX490UA-BE045T%2Fdp%2FB07YLNBSMQ%2Fref%3Dsr_1_17_sspa%3Fdchild%3D1%26keywords%3Dlaptop%26qid%3D1624540817%26sr%3D8-17-spons%26psc%3D1&qualifier=1624540817&id=5489199899553659&widgetName=sp_atf_next
,N/A,https://www.amazon.in//gp/slredirect/picassoRedirect.html/ref=pa_sp_atf_next_aps_sr_pg2_1?ie=UTF8&adId=A0592781D4F8DTGQE3DI&url=%2FRenewed-Lenovo-Hybrid-Thinkpad-Numeric%2Fdp%2FB08T9WP5PS%2Fref%3Dsr_1_18_sspa%3Fdchild%3D1%26keywords%3Dlaptop%26qid%3D1624540817%26sr%3D8-18-spons%26psc%3D1&qualifier=1624540817&id=5489199899553659&widgetName=sp_atf_next
3.8 out of 5 stars,186,https://www.amazon.in//ASUS-VivoBook-i3-1005G1-Integrated-X415JA-EK104T/dp/B08S4NF565/ref=sr_1_19?dchild=1&keywords=laptop&qid=1624540817&sr=8-19
4.1 out of 5 stars,871,https://www.amazon.in//HP-Laptop-15-6-inch-Windows-15s-fq2535TU/dp/B08XNYN5QV/ref=sr_1_20?dchild=1&keywords=laptop&qid=1624540817&sr=8-20
3.4 out of 5 stars,245,https://www.amazon.in//Lenovo-Ideapad-Windows-Platinum-81UT00KWIN/dp/B088RNS2BM/ref=sr_1_21?dchild=1&keywords=laptop&qid=1624540817&sr=8-21
3.9 out of 5 stars,142,https://www.amazon.in//ASUS-i5-1035G1-Integrated-Transparent-X415JA-EK085TS/dp/B08JMPT24V/ref=sr_1_22?dchild=1&keywords=laptop&qid=1624540817&sr=8-22
5.0 out of 5 stars,3,https://www.amazon.in//Lenovo-V15-ADA-15-6-inch-Windows-82C700H3IH/dp/B091KJHJT3/ref=sr_1_23?dchild=1&keywords=laptop&qid=1624540817&sr=8-23
4.3 out of 5 stars,45,https://www.amazon.in//Acer-Aspire-Intel-Generation-39-62/dp/B091YK7PRH/ref=sr_1_24?dchild=1&keywords=laptop&qid=1624540817&sr=8-24
3.7 out of 5 stars,61,https://www.amazon.in//Lenovo-10-1-inch-Touchscreen-Detachable-81H3S01S00/dp/B08P7M9Y59/ref=sr_1_25?dchild=1&keywords=laptop&qid=1624540817&sr=8-25
3.7 out of 5 stars,11,https://www.amazon.in//Lenovo-E41-45-82BF000EIH-A6-7350B-Warranty/dp/B08Q7Q3LZZ/ref=sr_1_26?dchild=1&keywords=laptop&qid=1624540817&sr=8-26
3.7 out of 5 stars,147,https://www.amazon.in//gp/slredirect/picassoRedirect.html/ref=pa_sp_mtf_aps_sr_pg2_1?ie=UTF8&adId=A0840301BQJTEOZYRIDF&url=%2FAcer-15-6-inch-Integrated-Graphics-A315-23%2Fdp%2FB088CG6812%2Fref%3Dsr_1_27_sspa%3Fdchild%3D1%26keywords%3Dlaptop%26qid%3D1624540817%26sr%3D8-27-spons%26psc%3D1&qualifier=1624540817&id=5489199899553659&widgetName=sp_mtf
3.3 out of 5 stars,20,https://www.amazon.in//gp/slredirect/picassoRedirect.html/ref=pa_sp_mtf_aps_sr_pg2_1?ie=UTF8&adId=A07005232HZNG9HZEK92C&url=%2FAcer-A315-55G-15-6-inch-i5-10210Ur-Graphics%2Fdp%2FB088CF91GM%2Fref%3Dsr_1_28_sspa%3Fdchild%3D1%26keywords%3Dlaptop%26qid%3D1624540817%26sr%3D8-28-spons%26psc%3D1%26smid%3DA2W4R6KXCY4TRS&qualifier=1624540817&id=5489199899553659&widgetName=sp_mtf
4.2 out of 5 stars,"1,350",https://www.amazon.in//HP-Laptop-14-inch-Windows-14s-dy2500TU/dp/B08XY3QXY5/ref=sr_1_29?dchild=1&keywords=laptop&qid=1624540817&sr=8-29
,More Buying Choices,https://www.amazon.in//Renewed-Lenovo-Thinkpad-Hybrid-Laptop/dp/B097C6G9J7/ref=sr_1_30?dchild=1&keywords=laptop&qid=1624540817&sr=8-30
3.9 out of 5 stars,842,https://www.amazon.in//AVITA-Essential-NE14A2INC433-MB-Integrated-Graphics/dp/B08DDZLCQF/ref=sr_1_31?dchild=1&keywords=laptop&qid=1624540817&sr=8-31
3.8 out of 5 stars,12,https://www.amazon.in//HP-Laptop-3Y665PA-i3-1115G4-Graphics/dp/B08ZYTQZCF/ref=sr_1_32?dchild=1&keywords=laptop&qid=1624540817&sr=8-32
4.4 out of 5 stars,114,https://www.amazon.in//HP-15-6-inch-Laptop-i3-10110U-15s-du1064TU/dp/B08HJZLW96/ref=sr_1_33?dchild=1&keywords=laptop&qid=1624540817&sr=8-33
3.3 out of 5 stars,267,https://www.amazon.in//HP-db1060au-Laptop-Ryzen3-Microsoft-Natural/dp/B083SNGBLF/ref=sr_1_34?dchild=1&keywords=laptop&qid=1624540817&sr=8-34
4.0 out of 5 stars,312,https://www.amazon.in//HP-Processor-39-62cms-Integrated-15s-fr2006TU/dp/B08XNYH4LX/ref=sr_1_35?dchild=1&keywords=laptop&qid=1624540817&sr=8-35
4.3 out of 5 stars,347,https://www.amazon.in//HP-Pavilion-Graphics-Keyboard-14-dv0054TU/dp/B08WBB369L/ref=sr_1_36?dchild=1&keywords=laptop&qid=1624540817&sr=8-36
,N/A,https://www.amazon.in//gp/slredirect/picassoRedirect.html/ref=pa_sp_btf_aps_sr_pg2_1?ie=UTF8&adId=A0701808ZU78V1CZRFEG&url=%2FAcer-Nitro-Gaming-Laptop-Ryzen%2Fdp%2FB0976XZXGX%2Fref%3Dsr_1_37_sspa%3Fdchild%3D1%26keywords%3Dlaptop%26qid%3D1624540817%26sr%3D8-37-spons%26psc%3D1&qualifier=1624540817&id=5489199899553659&widgetName=sp_btf
3.5 out of 5 stars,15,https://www.amazon.in//gp/slredirect/picassoRedirect.html/ref=pa_sp_btf_aps_sr_pg2_1?ie=UTF8&adId=A07004233CFDCW35T3JVF&url=%2FAcer-A514-52G-i5-10210U-processor-Graphics%2Fdp%2FB08F3RL8TZ%2Fref%3Dsr_1_38_sspa%3Fdchild%3D1%26keywords%3Dlaptop%26qid%3D1624540817%26sr%3D8-38-spons%26psc%3D1&qualifier=1624540817&id=5489199899553659&widgetName=sp_btf
,N/A,https://www.amazon.in//gp/slredirect/picassoRedirect.html/ref=pa_sp_atf_next_aps_sr_pg3_1?ie=UTF8&adId=A060270126RZ5KQS3DVDB&url=%2FRenewed-Lenovo-Hybrid-Thinkpad-Numeric%2Fdp%2FB08T9WT52F%2Fref%3Dsr_1_33_sspa%3Fdchild%3D1%26keywords%3Dlaptop%26qid%3D1624540820%26sr%3D8-33-spons%26psc%3D1&qualifier=1624540820&id=2435475791943888&widgetName=sp_atf_next
3.4 out of 5 stars,7,https://www.amazon.in//gp/slredirect/picassoRedirect.html/ref=pa_sp_atf_next_aps_sr_pg3_1?ie=UTF8&adId=A06921753CDKIATDDR2CE&url=%2FAcer-A514-53-i5-1035G1-processor-Graphics%2Fdp%2FB08GMR37BH%2Fref%3Dsr_1_34_sspa%3Fdchild%3D1%26keywords%3Dlaptop%26qid%3D1624540820%26sr%3D8-34-spons%26psc%3D1%26smid%3DA2W4R6KXCY4TRS&qualifier=1624540820&id=2435475791943888&widgetName=sp_atf_next
N/A,N/A,https://www.amazon.in//Lenovo-Windows-Microsoft-Student-82C500X9IH/dp/B095YVGNPH/ref=sr_1_35?dchild=1&keywords=laptop&qid=1624540820&sr=8-35
4.5 out of 5 stars,41,https://www.amazon.in//HP-Laptop-14-Inch-Windows-dy2501tu/dp/B093VZC5X9/ref=sr_1_36?dchild=1&keywords=laptop&qid=1624540820&sr=8-36
4.0 out of 5 stars,142,https://www.amazon.in//HP-Processor-14-inch-Windows-14s-dq2535TU/dp/B0928NL6F3/ref=sr_1_37?dchild=1&keywords=laptop&qid=1624540820&sr=8-37
3.8 out of 5 stars,56,https://www.amazon.in//Lenovo-Ideapad-Windows-GeForce-81LK01QTIN/dp/B092MTLNBB/ref=sr_1_38?dchild=1&keywords=laptop&qid=1624540820&sr=8-38
3.4 out of 5 stars,42,https://www.amazon.in//Lenovo-Integrated-Graphics-Platinum-81W100W9IN/dp/B08JCP96XL/ref=sr_1_39?dchild=1&keywords=laptop&qid=1624540820&sr=8-39
3.0 out of 5 stars,10,https://www.amazon.in//Renewed-Dell-Latitude-Laptop-E3380/dp/B093W18D5L/ref=sr_1_40?dchild=1&keywords=laptop&qid=1624540820&sr=8-40
3.0 out of 5 stars,439,https://www.amazon.in//Acer-Aspire-Intel-Core-i3-10th/dp/B088CFBQFN/ref=sr_1_41?dchild=1&keywords=laptop&qid=1624540820&sr=8-41
1.0 out of 5 stars,1,https://www.amazon.in//Lenovo-IdeaPad-Office2019-Fingerprint-82H700KAIN/dp/B09634WK1T/ref=sr_1_42?dchild=1&keywords=laptop&qid=1624540820&sr=8-42
3.9 out of 5 stars,411,https://www.amazon.in//HP-Chromebook-14a-na0002TU-Integrated-Graphics/dp/B08C5WLK3P/ref=sr_1_43?dchild=1&keywords=laptop&qid=1624540820&sr=8-43
3.7 out of 5 stars,9,https://www.amazon.in//HP-245-1S5E8PA-ATHLON-3050U-14inch/dp/B08P1LGK4F/ref=sr_1_44?dchild=1&keywords=laptop&qid=1624540820&sr=8-44
4.4 out of 5 stars,37,https://www.amazon.in//Lenovo-14-inch-Integrated-Graphics-82A2008VIN/dp/B08LKQBR8R/ref=sr_1_45?dchild=1&keywords=laptop&qid=1624540820&sr=8-45
4.4 out of 5 stars,876,https://www.amazon.in//Notebook-Horizon-i5-10210U-Graphics-XMA1904-AR/dp/B089F5JGM1/ref=sr_1_46?dchild=1&keywords=laptop&qid=1624540820&sr=8-46
3.3 out of 5 stars,190,https://www.amazon.in//HP-cf3006tu-14-inch-i3-1005G1-Graphics/dp/B08CHWNVNH/ref=sr_1_47?dchild=1&keywords=laptop&qid=1624540820&sr=8-47
3.6 out of 5 stars,101,https://www.amazon.in//ASUS-VivoBook-Integrated-Graphics-M409DA-EK456T/dp/B08CHVG9QC/ref=sr_1_48?dchild=1&keywords=laptop&qid=1624540820&sr=8-48
4.3 out of 5 stars,104,https://www.amazon.in//HP-Pavilion-Touchscreen-Convertible-14-dw1036TU/dp/B08SRDW9ZT/ref=sr_1_49?dchild=1&keywords=laptop&qid=1624540820&sr=8-49
,N/A,https://www.amazon.in//Renewed-Lenovo-Thinkpad-Hybrid-Laptop/dp/B097C4P1CL/ref=sr_1_50?dchild=1&keywords=laptop&qid=1624540820&sr=8-50
3.4 out of 5 stars,39,https://www.amazon.in//Acer-Aspire-Ryzen-3200U-39-62cms/dp/B08WLR5NNR/ref=sr_1_49?dchild=1&keywords=laptop&qid=1624540823&sr=8-49
2.7 out of 5 stars,5,https://www.amazon.in//Lenovo-15-6-inch-Integrated-Graphics-82C700HXIH/dp/B095JW3CCX/ref=sr_1_50?dchild=1&keywords=laptop&qid=1624540823&sr=8-50
4.4 out of 5 stars,147,https://www.amazon.in//HP-14-inch-Windows-Natural-14s-fq1030AU/dp/B0928TPR8H/ref=sr_1_51?dchild=1&keywords=laptop&qid=1624540823&sr=8-51
,N/A,https://www.amazon.in//HP-EliteBook-Bluetooth-Integrated-Graphics/dp/B096PH6NL9/ref=sr_1_52?dchild=1&keywords=laptop&qid=1624540823&sr=8-52
4.3 out of 5 stars,171,https://www.amazon.in//ASUS-VivoBook-i3-1005G1-Integrated-X415JA-EK092TS/dp/B08JMR2GXG/ref=sr_1_53?dchild=1&keywords=laptop&qid=1624540823&sr=8-53
3.7 out of 5 stars,43,https://www.amazon.in//Lenovo-82C700D4IH-Laptop-Integrated-Graphics/dp/B08DHT9JSK/ref=sr_1_54?dchild=1&keywords=laptop&qid=1624540823&sr=8-54
4.4 out of 5 stars,255,https://www.amazon.in//Lenovo-ThinkPad-14-inch-Microsoft-20T6S0UQ00/dp/B0922KX1MX/ref=sr_1_55?dchild=1&keywords=laptop&qid=1624540823&sr=8-55
4.3 out of 5 stars,85,https://www.amazon.in//HP-Pavilion-Graphics-39-62cms-15-eg0103TX/dp/B08XBZBFCQ/ref=sr_1_56?dchild=1&keywords=laptop&qid=1624540823&sr=8-56
3.8 out of 5 stars,88,https://www.amazon.in//Dell-i3-1005G1-Integrated-Graphics-D552126WIN9DE/dp/B08QMCMMPS/ref=sr_1_57?dchild=1&keywords=laptop&qid=1624540823&sr=8-57
,N/A,https://www.amazon.in//Renewed-Lenovo-Thinkpad-Laptop-Intel/dp/B097KLJR4F/ref=sr_1_58?dchild=1&keywords=laptop&qid=1624540823&sr=8-58
,N/A,https://www.amazon.in//Dell-i5-1135G7-Integrated-Graphics-D552173WIN9DE/dp/B08X4NRJ9Q/ref=sr_1_59?dchild=1&keywords=laptop&qid=1624540823&sr=8-59
4.3 out of 5 stars,146,https://www.amazon.in//Lenovo-ThinkPad-Fingerprint-Aluminium-20TDS0A200/dp/B08Y938BLK/ref=sr_1_60?dchild=1&keywords=laptop&qid=1624540823&sr=8-60
4.4 out of 5 stars,581,https://www.amazon.in//HP-Pavilion-Touchscreen-i3-10110U-14-dh1178tu/dp/B08GD95H1N/ref=sr_1_61?dchild=1&keywords=laptop&qid=1624540823&sr=8-61
3.8 out of 5 stars,93,https://www.amazon.in//Acer-Extensa-Processor-Integrated-EX215-31/dp/B095BYNN8Z/ref=sr_1_62?dchild=1&keywords=laptop&qid=1624540823&sr=8-62
3.3 out of 5 stars,16,https://www.amazon.in//Dell-Inspiron-3505-Integrated-D560429WIN9S/dp/B093H9FG45/ref=sr_1_63?dchild=1&keywords=laptop&qid=1624540823&sr=8-63
3.4 out of 5 stars,78,https://www.amazon.in//Lenovo-82C7A006IH-Windows-10-Integrated-Graphics/dp/B08DHZS1XQ/ref=sr_1_64?dchild=1&keywords=laptop&qid=1624540823&sr=8-64
4.0 out of 5 stars,1,https://www.amazon.in//HP-i3-1115G4-Windows-Graphics-42V68PA/dp/B096G1V3RC/ref=sr_1_65?dchild=1&keywords=laptop&qid=1624540825&sr=8-65
2.7 out of 5 stars,5,https://www.amazon.in//HP-Commercial-Laptop-Windows-3Y666PA/dp/B0913DBMV8/ref=sr_1_66?dchild=1&keywords=laptop&qid=1624540825&sr=8-66
3.7 out of 5 stars,116,https://www.amazon.in//Lenovo-V15-Windows-Graphics-82C7003PIH/dp/B08HJJKDSH/ref=sr_1_67?dchild=1&keywords=laptop&qid=1624540825&sr=8-67
2.5 out of 5 stars,3,https://www.amazon.in//Acer-Aspire-Laptop-Intel-Core/dp/B0937CXX8H/ref=sr_1_68?dchild=1&keywords=laptop&qid=1624540825&sr=8-68
2.7 out of 5 stars,7,https://www.amazon.in//Lenovo-E41-45-82BFS00300-A9-9425-Warranty/dp/B091NX3DRV/ref=sr_1_69?dchild=1&keywords=laptop&qid=1624540825&sr=8-69
3.7 out of 5 stars,8,https://www.amazon.in//HP-Processor-39-62cms-Integrated-15s-fq2075TU/dp/B08XNXJDVX/ref=sr_1_70?dchild=1&keywords=laptop&qid=1624540825&sr=8-70
3.1 out of 5 stars,4,https://www.amazon.in//Essential-NE14A2INC44A-MB-Celeron-N4020-Integrated-Graphics/dp/B08YR9DDVZ/ref=sr_1_71?dchild=1&keywords=laptop&qid=1624540825&sr=8-71
4.5 out of 5 stars,108,https://www.amazon.in//HP-Pavilion-Graphics-35-56cms-14-dv0058TU/dp/B08WB857GB/ref=sr_1_72?dchild=1&keywords=laptop&qid=1624540825&sr=8-72
3.4 out of 5 stars,12,https://www.amazon.in//HP-Pentium-14-inch-Windows-14s-dq3018TU/dp/B0928S5XS2/ref=sr_1_73?dchild=1&keywords=laptop&qid=1624540825&sr=8-73
4.1 out of 5 stars,75,https://www.amazon.in//Dell-Inspiron-i3-1005G1-Integrated-D560421WIN9S/dp/B08X4NB38M/ref=sr_1_74?dchild=1&keywords=laptop&qid=1624540825&sr=8-74
4.4 out of 5 stars,19,https://www.amazon.in//ASUS-Laptop-M515DA-BQ501T-Ryzen-Windows/dp/B08CKRS42M/ref=sr_1_75?dchild=1&keywords=laptop&qid=1624540825&sr=8-75
4.2 out of 5 stars,8,https://www.amazon.in//Dell-Inspiron-15-6-inch-i5-1135G7-Windows/dp/B08Y6XG7K1/ref=sr_1_76?dchild=1&keywords=laptop&qid=1624540825&sr=8-76
4.1 out of 5 stars,10,https://www.amazon.in//ASUS-VivoBook15-i3-1115G4-15-6-inch-X515EA-EJ312TS/dp/B0916C2XM3/ref=sr_1_77?dchild=1&keywords=laptop&qid=1624540825&sr=8-77
4.3 out of 5 stars,320,https://www.amazon.in//HP-Pavilion-15-6-inch-5-4600H-15-ec1051AX/dp/B08CYTHY92/ref=sr_1_78?dchild=1&keywords=laptop&qid=1624540825&sr=8-78
4.0 out of 5 stars,1,https://www.amazon.in//HP-255-G8-3K1G7PA-Graphics/dp/B091TWZF2Y/ref=sr_1_79?dchild=1&keywords=laptop&qid=1624540825&sr=8-79
,N/A,https://www.amazon.in//Renewed-Lenovo-Thinkpad-Hybrid-Laptop/dp/B097C3VXN8/ref=sr_1_80?dchild=1&keywords=laptop&qid=1624540825&sr=8-80
,N/A,https://www.amazon.in//Lenovo-Windows-Microsoft-Student-82C500X8IH/dp/B095YTYHR7/ref=sr_1_81?dchild=1&keywords=laptop&qid=1624540827&sr=8-81
,N/A,https://www.amazon.in//MSI-Modern-14-Ryzen-4500U/dp/B096WFNCBW/ref=sr_1_82?dchild=1&keywords=laptop&qid=1624540827&sr=8-82
3.8 out of 5 stars,58,https://www.amazon.in//Lenovo-14-inch-Laptop-Windows-82C4015VIH/dp/B08BXY8R8Z/ref=sr_1_83?dchild=1&keywords=laptop&qid=1624540827&sr=8-83
,N/A,https://www.amazon.in//Renewed-Lenovo-Thinkpad-Hybrid-Laptop/dp/B097C48VNS/ref=sr_1_84?dchild=1&keywords=laptop&qid=1624540827&sr=8-84
3.6 out of 5 stars,407,https://www.amazon.in//Lenovo-Ideapad-Windows-Platinum-81W100HKIN/dp/B08CQG6PDK/ref=sr_1_85?dchild=1&keywords=laptop&qid=1624540827&sr=8-85
,N/A,https://www.amazon.in//Renewed-MSI-i5-10210U-39-62cms-A10M-482IN/dp/B097K8716G/ref=sr_1_86?dchild=1&keywords=laptop&qid=1624540827&sr=8-86
3.5 out of 5 stars,17,https://www.amazon.in//Lenovo-V15-15-6-inch-Graphics-82C70017IH/dp/B08DYB7D8J/ref=sr_1_87?dchild=1&keywords=laptop&qid=1624540827&sr=8-87
4.1 out of 5 stars,27,https://www.amazon.in//HP-Processor-15-6-inch-Graphics-15s-dr3500TX/dp/B0928T6QM3/ref=sr_1_88?dchild=1&keywords=laptop&qid=1624540827&sr=8-88
4.8 out of 5 stars,6,https://www.amazon.in//Lenovo-IdeaPad-Backlit-Fingerprint-82KT00BXIN/dp/B096SKFBCF/ref=sr_1_89?dchild=1&keywords=laptop&qid=1624540827&sr=8-89
3.8 out of 5 stars,43,https://www.amazon.in//LifeDigital-Laptop-Intel%C2%AE-Storage-Windows/dp/B08HRHFV1Q/ref=sr_1_90?dchild=1&keywords=laptop&qid=1624540827&sr=8-90
3.9 out of 5 stars,310,https://www.amazon.in//HP-39-62cms-i5-1135G7-Integrated-15s-du3032TU/dp/B08PQPRD69/ref=sr_1_91?dchild=1&keywords=laptop&qid=1624540827&sr=8-91
4.0 out of 5 stars,1,https://www.amazon.in//Renewed-Lenovo-Intel-15-6-Inch-Laptop/dp/B08XZYZG4B/ref=sr_1_92?dchild=1&keywords=laptop&qid=1624540827&sr=8-92
3.4 out of 5 stars,36,https://www.amazon.in//Dell-Inspiron-15-6-inch-Laptop-Graphics/dp/B08KWJ4G4R/ref=sr_1_93?dchild=1&keywords=laptop&qid=1624540827&sr=8-93
3.7 out of 5 stars,8,https://www.amazon.in//Dell-Inspiron-i3-1115G4-Integrated-D560424WIN9S/dp/B0919HLGYC/ref=sr_1_94?dchild=1&keywords=laptop&qid=1624540827&sr=8-94
3.8 out of 5 stars,195,https://www.amazon.in//ASUS-i5-1035G1-Integrated-Transparent-X409JA-EK581T/dp/B08BV8RKGB/ref=sr_1_95?dchild=1&keywords=laptop&qid=1624540827&sr=8-95
3.0 out of 5 stars,5,https://www.amazon.in//Inspiron-15-6-inch-Laptop-Graphics-Windows/dp/B08MQ1DCGX/ref=sr_1_96?dchild=1&keywords=laptop&qid=1624540827&sr=8-96
3.9 out of 5 stars,97,https://www.amazon.in//Lenovo-Touchscreen-Fingerprint-Graphite-82HS008YIN/dp/B08W9WK8Q9/ref=sr_1_97?dchild=1&keywords=laptop&qid=1624540830&sr=8-97
4.3 out of 5 stars,19,https://www.amazon.in//Lenovo-Touchscreen-Fingerprint-Aluminium-82BH004HIN/dp/B08P3M22QQ/ref=sr_1_98?dchild=1&keywords=laptop&qid=1624540830&sr=8-98
4.4 out of 5 stars,118,https://www.amazon.in//ASUS-VivoBook-i5-1135G7-Graphics-S433EA-AM502TS/dp/B08SNHVK6F/ref=sr_1_99?dchild=1&keywords=laptop&qid=1624540830&sr=8-99
3.9 out of 5 stars,7,https://www.amazon.in//Lenovo-Intel-14-inch-Laptop-82C4A00NIH/dp/B08DFRKHLL/ref=sr_1_100?dchild=1&keywords=laptop&qid=1624540830&sr=8-100
,N/A,https://www.amazon.in//HP-Laptop-3K9U2PA-Windows-Warranty/dp/B095KJN2TT/ref=sr_1_101?dchild=1&keywords=laptop&qid=1624540830&sr=8-101
3.7 out of 5 stars,65,https://www.amazon.in//Dell-Inspiron-15-6-inch-Laptop-Graphics/dp/B08MB4PXCW/ref=sr_1_102?dchild=1&keywords=laptop&qid=1624540830&sr=8-102
3.4 out of 5 stars,653,https://www.amazon.in//Lenovo-Ideapad-Windows-Platinum-81W10057IN/dp/B087D3JHGB/ref=sr_1_103?dchild=1&keywords=laptop&qid=1624540830&sr=8-103
3.4 out of 5 stars,6,https://www.amazon.in//Renewed-HP-6570B-Laptop-Screen/dp/B0829CD86S/ref=sr_1_104?dchild=1&keywords=laptop&qid=1624540830&sr=8-104
,N/A,https://www.amazon.in//Dell-Inspiron-7415-Integrated-D560472WIN9P/dp/B095S7VFF3/ref=sr_1_105?dchild=1&keywords=laptop&qid=1624540830&sr=8-105
3.9 out of 5 stars,10,https://www.amazon.in//Dell-Inspiron-3501-15-6-inch-i5-1135G7/dp/B08VRSHJKL/ref=sr_1_106?dchild=1&keywords=laptop&qid=1624540830&sr=8-106
,N/A,https://www.amazon.in//Renewed-Lenovo-Hybrid-Thinkpad-Numeric/dp/B08T9WP5PS/ref=sr_1_107?dchild=1&keywords=laptop&qid=1624540830&sr=8-107
4.0 out of 5 stars,1,https://www.amazon.in//HP-Processor-15-6-inch-Laptop-15s-fq2071TU/dp/B08XNZD56X/ref=sr_1_108?dchild=1&keywords=laptop&qid=1624540830&sr=8-108
,N/A,https://www.amazon.in//Acer-AN515-54-521N-Processor-Graphics-Obsidian/dp/B08RX9CSQT/ref=sr_1_109?dchild=1&keywords=laptop&qid=1624540830&sr=8-109
4.3 out of 5 stars,25,https://www.amazon.in//HP-35-56cms-Windows-Natural-14s-cf3028TU/dp/B08QSVVC7W/ref=sr_1_110?dchild=1&keywords=laptop&qid=1624540830&sr=8-110
3.2 out of 5 stars,75,https://www.amazon.in//Lenovo-IdeaPad-Windows10-Platinum-81VD00EFIN/dp/B08GG84WDW/ref=sr_1_111?dchild=1&keywords=laptop&qid=1624540830&sr=8-111
2.8 out of 5 stars,38,https://www.amazon.in//HP-15-6-inch-Laptop-Windows-15s-du3053TU/dp/B08W2X72V2/ref=sr_1_112?dchild=1&keywords=laptop&qid=1624540830&sr=8-112
3.6 out of 5 stars,3,https://www.amazon.in//HP-Graphics-14-inch-Windows-14s-dq2100TU/dp/B095JZLDSF/ref=sr_1_113?dchild=1&keywords=laptop&qid=1624540833&sr=8-113
4.1 out of 5 stars,18,https://www.amazon.in//HP-Laptop-14-inch-Windows-14s-dr2015TU/dp/B093L3TV59/ref=sr_1_114?dchild=1&keywords=laptop&qid=1624540833&sr=8-114
3.1 out of 5 stars,27,https://www.amazon.in//HP-15s-gr0006au-Laptop-21W92PA-3-3250U/dp/B08VGTNZ36/ref=sr_1_115?dchild=1&keywords=laptop&qid=1624540833&sr=8-115
3.9 out of 5 stars,14,https://www.amazon.in//Dell-Latitude-3510-i3-10110U-Warranty/dp/B08B9X82C6/ref=sr_1_116?dchild=1&keywords=laptop&qid=1624540833&sr=8-116
4.4 out of 5 stars,76,https://www.amazon.in//HP-Pavilion-Touchscreen-Convertible-14-dw1037TU/dp/B08SRC4JMD/ref=sr_1_117?dchild=1&keywords=laptop&qid=1624540833&sr=8-117
3.7 out of 5 stars,113,https://www.amazon.in//HP-245-G8-AMD-Ryzen/dp/B092HMYLLN/ref=sr_1_118?dchild=1&keywords=laptop&qid=1624540833&sr=8-118
3.2 out of 5 stars,133,https://www.amazon.in//Lenovo-V145-AMD-A6-Laptop-Windows-81MTA000IH/dp/B083C9RDCW/ref=sr_1_119?dchild=1&keywords=laptop&qid=1624540833&sr=8-119
3.1 out of 5 stars,748,https://www.amazon.in//Inspiron-3493-i3-1005G1-Graphics-D560193WIN9SE/dp/B08D6Y52PS/ref=sr_1_120?dchild=1&keywords=laptop&qid=1624540833&sr=8-120
4.6 out of 5 stars,3,https://www.amazon.in//Lenovo-IdeaPad-Windows-Platinum-81WE0143IN/dp/B08JCLMJTY/ref=sr_1_121?dchild=1&keywords=laptop&qid=1624540833&sr=8-121
3.9 out of 5 stars,35,https://www.amazon.in//Dell-Inspiron-i3-1115G4-Integrated-D560446WIN9S/dp/B08X4NKYH5/ref=sr_1_122?dchild=1&keywords=laptop&qid=1624540833&sr=8-122
4.0 out of 5 stars,56,https://www.amazon.in//Lenovo-IdeaPad-Windows-Platinum-81WE0149IN/dp/B08JCXF6VR/ref=sr_1_123?dchild=1&keywords=laptop&qid=1624540833&sr=8-123
4.1 out of 5 stars,27,https://www.amazon.in//HP-Pavilion-Processor-15-6-inch-15-dk1509TX/dp/B08ZN7GBQ5/ref=sr_1_124?dchild=1&keywords=laptop&qid=1624540833&sr=8-124
3.8 out of 5 stars,113,https://www.amazon.in//Lenovo-Ideapad-Graphics-Platinum-81WB00ANIN/dp/B087D41JFB/ref=sr_1_125?dchild=1&keywords=laptop&qid=1624540833&sr=8-125
4.2 out of 5 stars,63,https://www.amazon.in//Lenovo-ThinkPad-Fingerprint-Aluminium-20TDS0A500/dp/B08Y929CPJ/ref=sr_1_126?dchild=1&keywords=laptop&qid=1624540833&sr=8-126
4.3 out of 5 stars,8,https://www.amazon.in//Lenovo-IdeaPad-Backlit-Fingerprint-82H700K7IN/dp/B095KPHGYQ/ref=sr_1_127?dchild=1&keywords=laptop&qid=1624540833&sr=8-127
4.5 out of 5 stars,243,https://www.amazon.in//Lenovo-ThinkPad-Fingerprint-Aluminium-20TDS0G700/dp/B095SST8N9/ref=sr_1_128?dchild=1&keywords=laptop&qid=1624540833&sr=8-128
N/A,N/A,https://www.amazon.in//Dell-INTELCORE10THGENI5-10210U-14INCHFHD-NVIDIAGEFORCEMX2502GBGRAPHICS-WIN10HOME/dp/B08VGBYQLR/ref=sr_1_129?dchild=1&keywords=laptop&qid=1624540835&sr=8-129
3.9 out of 5 stars,28,https://www.amazon.in//LifeDigital-Laptop-Intel%C2%AE-Storage-Windows/dp/B08HRKDL9H/ref=sr_1_130?dchild=1&keywords=laptop&qid=1624540835&sr=8-130
,N/A,https://www.amazon.in//Renewed-Lenovo-Thinkpad-Hybrid-Laptop/dp/B097C5QBZP/ref=sr_1_131?dchild=1&keywords=laptop&qid=1624540835&sr=8-131
3.4 out of 5 stars,10,https://www.amazon.in//LifeDigital-Laptop-Intel%C2%AE-Storage-Windows/dp/B08HRMHZ8J/ref=sr_1_132?dchild=1&keywords=laptop&qid=1624540835&sr=8-132
3.9 out of 5 stars,36,https://www.amazon.in//ASUS-VivoBook-i5-1035G1-Onsitego-Extended/dp/B097DR7J4G/ref=sr_1_133?dchild=1&keywords=laptop&qid=1624540835&sr=8-133
,N/A,https://www.amazon.in//Renewed-Lenovo-Thinkpad-Hybrid-Laptop/dp/B097C4VWF9/ref=sr_1_134?dchild=1&keywords=laptop&qid=1624540835&sr=8-134
,N/A,https://www.amazon.in//Renewed-Lenovo-Thinkpad-Hybrid-Laptop/dp/B097C4NH99/ref=sr_1_135?dchild=1&keywords=laptop&qid=1624540835&sr=8-135
3.7 out of 5 stars,11,https://www.amazon.in//Dell-Gaming-Display-Laptop-Silver/dp/B08X4NF6M4/ref=sr_1_136?dchild=1&keywords=laptop&qid=1624540835&sr=8-136
4.3 out of 5 stars,618,https://www.amazon.in//Acer-15-6-inch-Graphics-Obsidian-AN515-55/dp/B088FLY29Z/ref=sr_1_137?dchild=1&keywords=laptop&qid=1624540835&sr=8-137
4.2 out of 5 stars,116,https://www.amazon.in//HP-Processor-15-6-inch-Graphics-15s-eq0500AU/dp/B0928T2WQG/ref=sr_1_138?dchild=1&keywords=laptop&qid=1624540835&sr=8-138
4.4 out of 5 stars,763,https://www.amazon.in//HP-14-DK0093AU-14-inch-Graphics/dp/B07THW9WFM/ref=sr_1_139?dchild=1&keywords=laptop&qid=1624540835&sr=8-139
5.0 out of 5 stars,2,https://www.amazon.in//Lenovo-IdeaPad-Windows-Keyboard-82H8014BIN/dp/B096359ZZG/ref=sr_1_140?dchild=1&keywords=laptop&qid=1624540835&sr=8-140
4.2 out of 5 stars,92,https://www.amazon.in//Dell-Inspiron-i5-1135G7-Graphics-D560367WIN9S/dp/B08M61GDYJ/ref=sr_1_141?dchild=1&keywords=laptop&qid=1624540835&sr=8-141
,N/A,https://www.amazon.in//Renewed-Lenovo-Thinkpad-Hybrid-Laptop/dp/B097C3WS6R/ref=sr_1_142?dchild=1&keywords=laptop&qid=1624540835&sr=8-142
3.6 out of 5 stars,64,https://www.amazon.in//Dell-i5-1135G7-Integrated-Graphics-D552154WIN9BE/dp/B08RXZCXH6/ref=sr_1_143?dchild=1&keywords=laptop&qid=1624540835&sr=8-143
3.7 out of 5 stars,7,https://www.amazon.in//Renewed-Lenovo-Thinkpad-Laptop-Intel/dp/B095RQN615/ref=sr_1_144?dchild=1&keywords=laptop&qid=1624540835&sr=8-144
3.8 out of 5 stars,29,https://www.amazon.in//Dell-Inspiron-15-6-inch-Laptop-Graphics/dp/B08R9VSSM5/ref=sr_1_145?dchild=1&keywords=laptop&qid=1624540838&sr=8-145
3.7 out of 5 stars,"1,028",https://www.amazon.in//HP-db1069AU-15-6-inch-Windows-Graphics/dp/B083RD58F6/ref=sr_1_146?dchild=1&keywords=laptop&qid=1624540838&sr=8-146
3.3 out of 5 stars,4,https://www.amazon.in//Dell-Inspiron-R5-3450U-Graphics-D560432WIN9S/dp/B0919HGZXG/ref=sr_1_147?dchild=1&keywords=laptop&qid=1624540838&sr=8-147
4.6 out of 5 stars,5,https://www.amazon.in//Lenovo-IdeaPad-39-62cms-Graphics-82EY00UAIN/dp/B095KQ1G3X/ref=sr_1_148?dchild=1&keywords=laptop&qid=1624540838&sr=8-148
3.5 out of 5 stars,3,https://www.amazon.in//Lenovo-IdeaPad-15-6-inch-Windows-81Y4017TIN/dp/B094XK1B8P/ref=sr_1_149?dchild=1&keywords=laptop&qid=1624540838&sr=8-149
3.7 out of 5 stars,151,https://www.amazon.in//HP-Processor-39-62cms-i3-1115G4-15s-du3038TU/dp/B08S3MGDS3/ref=sr_1_150?dchild=1&keywords=laptop&qid=1624540838&sr=8-150
4.0 out of 5 stars,587,https://www.amazon.in//AVITA-NS14A8INF561-PAF-i5-10210U-Integrated-Graphics/dp/B08H17YDFR/ref=sr_1_151?dchild=1&keywords=laptop&qid=1624540838&sr=8-151
,N/A,https://www.amazon.in//Renewed-Lenovo-Thinkpad-Laptop-Intel/dp/B097C566CW/ref=sr_1_152?dchild=1&keywords=laptop&qid=1624540838&sr=8-152
4.0 out of 5 stars,15,https://www.amazon.in//Dell-Latitude-3510-i3-10110U-Wireless-AC/dp/B08M9YHY7C/ref=sr_1_153?dchild=1&keywords=laptop&qid=1624540838&sr=8-153
3.9 out of 5 stars,55,https://www.amazon.in//HP-250-G7-22A67PA-ACJ/dp/B08F9NQ8NF/ref=sr_1_154?dchild=1&keywords=laptop&qid=1624540838&sr=8-154
3.5 out of 5 stars,30,https://www.amazon.in//Lenovo-V14-14-inch-Laptop-82C6000KIH/dp/B08CXSLPTZ/ref=sr_1_155?dchild=1&keywords=laptop&qid=1624540838&sr=8-155
,N/A,https://www.amazon.in//HP-Processor-15-6-inch-Graphics-15s-dr3500TX/dp/B095YKN3YN/ref=sr_1_156?dchild=1&keywords=laptop&qid=1624540838&sr=8-156
,N/A,https://www.amazon.in//Renewed-Lenovo-Thinkpad-Hybrid-Laptop/dp/B097C5YYPQ/ref=sr_1_157?dchild=1&keywords=laptop&qid=1624540838&sr=8-157
,N/A,https://www.amazon.in//Lenovo-Integrated-Graphics-Fingerprint-82FG010BIN/dp/B096SHMYJJ/ref=sr_1_158?dchild=1&keywords=laptop&qid=1624540838&sr=8-158
,N/A,https://www.amazon.in//Renewed-Lenovo-Thinkpad-Hybrid-Laptop/dp/B097C3WL99/ref=sr_1_159?dchild=1&keywords=laptop&qid=1624540838&sr=8-159
,N/A,https://www.amazon.in//Renewed-Lenovo-Thinkpad-Laptop-Intel/dp/B097C4TTDJ/ref=sr_1_160?dchild=1&keywords=laptop&qid=1624540838&sr=8-160
3.8 out of 5 stars,50,https://www.amazon.in//Lenovo-E41-45-82BF000JIH-A6-7350B-35-56cms/dp/B08Q7JSR2F/ref=sr_1_161?dchild=1&keywords=laptop&qid=1624540841&sr=8-161
3.1 out of 5 stars,35,https://www.amazon.in//AVITA-NS12T5IN006P-12-2-inch-Graphics-Charcoal/dp/B088261QHP/ref=sr_1_162?dchild=1&keywords=laptop&qid=1624540841&sr=8-162
N/A,N/A,https://www.amazon.in//HP-Laptop-366C6PA-Ryzen-3-3250U/dp/B095K6FZRF/ref=sr_1_163?dchild=1&keywords=laptop&qid=1624540841&sr=8-163
,N/A,https://www.amazon.in//Asus-Vivobook-X415EA-EK301T-i3-1115G4-Warranty/dp/B094ZQDPSF/ref=sr_1_164?dchild=1&keywords=laptop&qid=1624540841&sr=8-164
4.0 out of 5 stars,1,https://www.amazon.in//HP-240-G8-3D0J1PA-I3-1005G1/dp/B08ZXR8ZRP/ref=sr_1_165?dchild=1&keywords=laptop&qid=1624540841&sr=8-165
4.1 out of 5 stars,124,https://www.amazon.in//ASUS-i5-10300H-Graphics-Fortress-FX566LH-HN257T/dp/B08CRMTKMK/ref=sr_1_166?dchild=1&keywords=laptop&qid=1624540841&sr=8-166
,N/A,https://www.amazon.in//Dell-Inspiron-3501-Integrated-D560442WIN9S/dp/B094Y2Z574/ref=sr_1_167?dchild=1&keywords=laptop&qid=1624540841&sr=8-167
4.1 out of 5 stars,63,https://www.amazon.in//Dell-Inspiron-3501-i5-1135G7-Graphics/dp/B08QCKPLZX/ref=sr_1_168?dchild=1&keywords=laptop&qid=1624540841&sr=8-168
,N/A,https://www.amazon.in//Renewed-Fujitsu-15-6-Inch-Windows-Graphics/dp/B091B774YR/ref=sr_1_169?dchild=1&keywords=laptop&qid=1624540841&sr=8-169
3.9 out of 5 stars,113,https://www.amazon.in//HP-39-62cms-i5-1135G7-Graphics-15s-du3047TX/dp/B08PPZG85B/ref=sr_1_170?dchild=1&keywords=laptop&qid=1624540841&sr=8-170
4.0 out of 5 stars,12,https://www.amazon.in//Dell-Inspiron-3501-15-6-inch-i5-1135G7/dp/B08QN1RFSS/ref=sr_1_171?dchild=1&keywords=laptop&qid=1624540841&sr=8-171
,N/A,https://www.amazon.in//ASUS-FX503VD-DM112T-15-6-inch-i7-7700HQ-Graphics/dp/B09779YN3V/ref=sr_1_172?dchild=1&keywords=laptop&qid=1624540841&sr=8-172
4.1 out of 5 stars,43,https://www.amazon.in//ASUS-E410MA-EK319T-Pentium-NumberPad-Warranty/dp/B08HZ4BR6F/ref=sr_1_173?dchild=1&keywords=laptop&qid=1624540841&sr=8-173
3.5 out of 5 stars,5,https://www.amazon.in//ASUS-VivoBook-M515DA-EJ512TS-AMD-Integrated-15-6-inch/dp/B08Q6LS824/ref=sr_1_174?dchild=1&keywords=laptop&qid=1624540841&sr=8-174
4.0 out of 5 stars,81,https://www.amazon.in//Lenovo-14-inch-Windows-Professional-82C4016TIH/dp/B08BXZF8PS/ref=sr_1_175?dchild=1&keywords=laptop&qid=1624540841&sr=8-175
4.3 out of 5 stars,365,https://www.amazon.in//Lenovo-ThinkPad-Windows-Microsoft-20TDS0DW00/dp/B093PCT6Z1/ref=sr_1_176?dchild=1&keywords=laptop&qid=1624540841&sr=8-176
3.1 out of 5 stars,8,https://www.amazon.in//Essential-NE14A2INC44A-CR-Celeron-N4020-Integrated-Graphics/dp/B08YRNVXN1/ref=sr_1_177?dchild=1&keywords=laptop&qid=1624540845&sr=8-177
,N/A,https://www.amazon.in//Renewed-Lenovo-Thinkpad-Hybrid-Laptop/dp/B097C5QPYH/ref=sr_1_178?dchild=1&keywords=laptop&qid=1624540845&sr=8-178
4.2 out of 5 stars,336,https://www.amazon.in//HP-Pavilion-15-6-inch-5-4600H-15-ec1024AX/dp/B08CZ2KNS4/ref=sr_1_179?dchild=1&keywords=laptop&qid=1624540845&sr=8-179
3.9 out of 5 stars,113,https://www.amazon.in//HP-Chromebook-12b-ca0010TU-Touchscreen-Integrated/dp/B08C5WSTR6/ref=sr_1_180?dchild=1&keywords=laptop&qid=1624540845&sr=8-180
3.2 out of 5 stars,59,https://www.amazon.in//Lenovo-14-inch-Laptop-Windows-82C4016SIH/dp/B08BXZXVV5/ref=sr_1_181?dchild=1&keywords=laptop&qid=1624540845&sr=8-181
,N/A,https://www.amazon.in//Renewed-Lenovo-Thinkpad-Hybrid-Laptop/dp/B097C41RCJ/ref=sr_1_182?dchild=1&keywords=laptop&qid=1624540845&sr=8-182
4.1 out of 5 stars,10,https://www.amazon.in//Dell-Inspiron-i5-1135G7-Integrated-D560412WIN9S/dp/B093T2SC3W/ref=sr_1_183?dchild=1&keywords=laptop&qid=1624540845&sr=8-183
,N/A,https://www.amazon.in//Renewed-Lenovo-Thinkpad-Laptop-Intel/dp/B097C4D7Y4/ref=sr_1_184?dchild=1&keywords=laptop&qid=1624540845&sr=8-184
4.4 out of 5 stars,139,https://www.amazon.in//ASUS-Graphics-Windows-Fortress-FX566LH-HN009T/dp/B08CY63TYF/ref=sr_1_185?dchild=1&keywords=laptop&qid=1624540845&sr=8-185
4.6 out of 5 stars,3,https://www.amazon.in//ASUS-i5-1035G1-Integrated-Transparent-K413JA-EK286T/dp/B08S4R2L5T/ref=sr_1_186?dchild=1&keywords=laptop&qid=1624540845&sr=8-186
N/A,N/A,https://www.amazon.in//Dell-Inspiron-i5-1135G7-Graphics-D560439WIN9S/dp/B0919LPGKH/ref=sr_1_187?dchild=1&keywords=laptop&qid=1624540845&sr=8-187
5.0 out of 5 stars,1,https://www.amazon.in//Renewed-Lenovo-L540-Thinkpad-Numeric/dp/B07YL2HZ6W/ref=sr_1_188?dchild=1&keywords=laptop&qid=1624540845&sr=8-188
3.4 out of 5 stars,"1,648",https://www.amazon.in//Lenovo-Ideapad-A6-9225-Windows-81N30063IN/dp/B081Z4H8BM/ref=sr_1_189?dchild=1&keywords=laptop&qid=1624540845&sr=8-189
3.0 out of 5 stars,4,https://www.amazon.in//One-14-Z2-485-1366x768/dp/B08GZJ25ZN/ref=sr_1_190?dchild=1&keywords=laptop&qid=1624540845&sr=8-190
3.7 out of 5 stars,168,https://www.amazon.in//Dell-Inspiron-Generation-Microsoft-998-ENDP/dp/B08NXRZJYR/ref=sr_1_191?dchild=1&keywords=laptop&qid=1624540845&sr=8-191
4.4 out of 5 stars,7,https://www.amazon.in//ASUS-VivoBook14-i3-1005G1-Transparent-X415JA-EK312TS/dp/B08Q37M3KB/ref=sr_1_192?dchild=1&keywords=laptop&qid=1624540845&sr=8-192
3.4 out of 5 stars,31,https://www.amazon.in//Vivobook-M515DA-EJ001T-RadeonTM-Integrated-Graphics/dp/B08Q6B4X7N/ref=sr_1_193?dchild=1&keywords=laptop&qid=1624540848&sr=8-193
3.9 out of 5 stars,13,https://www.amazon.in//Acer-Swift-Display-Ultra-Notebook/dp/B08M3YM4BJ/ref=sr_1_194?dchild=1&keywords=laptop&qid=1624540848&sr=8-194
4.2 out of 5 stars,17,https://www.amazon.in//Lenovo-Graphics-Fingerprint-Aluminium-82LN00A3IN/dp/B095KMNZCW/ref=sr_1_195?dchild=1&keywords=laptop&qid=1624540848&sr=8-195
2.5 out of 5 stars,2,https://www.amazon.in//Lenovo-V15-ADA-82C700H4IH-Graphics-Warranty/dp/B092JGK73X/ref=sr_1_196?dchild=1&keywords=laptop&qid=1624540848&sr=8-196
,N/A,https://www.amazon.in//Renewed-Lenovo-Thinkpad-Hybrid-Laptop/dp/B097C3LQ52/ref=sr_1_197?dchild=1&keywords=laptop&qid=1624540848&sr=8-197
3.9 out of 5 stars,5,https://www.amazon.in//Lenovo-Intel-14-inch-Laptop-82C4A00QIH/dp/B08DFVPHVY/ref=sr_1_198?dchild=1&keywords=laptop&qid=1624540848&sr=8-198
4.0 out of 5 stars,18,https://www.amazon.in//Lenovo-IdeaPad-39-62cms-Graphics-81LK01QNIN/dp/B08WRL9GQW/ref=sr_1_199?dchild=1&keywords=laptop&qid=1624540848&sr=8-199
4.0 out of 5 stars,68,https://www.amazon.in//Dell-Inspiron-i3-1115G4-Integrated-D560365WIN9S/dp/B08MPVWYBQ/ref=sr_1_200?dchild=1&keywords=laptop&qid=1624540848&sr=8-200
,N/A,https://www.amazon.in//Renewed-Fujitsu-15-6-Inch-Windows-Graphics/dp/B091B5H5KW/ref=sr_1_201?dchild=1&keywords=laptop&qid=1624540848&sr=8-201
4.2 out of 5 stars,15,https://www.amazon.in//HP-Pavilion-Laptop-Natural-13-bb0075TU/dp/B08V5WLM62/ref=sr_1_202?dchild=1&keywords=laptop&qid=1624540848&sr=8-202
4.5 out of 5 stars,4,https://www.amazon.in//Renewed-Lenovo-L540-Thinkpad-Numeric/dp/B07YL175C5/ref=sr_1_203?dchild=1&keywords=laptop&qid=1624540848&sr=8-203
,N/A,https://www.amazon.in//Lenovo-15-6-inch-Integrated-Graphics-82C700J6IH/dp/B0972ZTGQG/ref=sr_1_204?dchild=1&keywords=laptop&qid=1624540848&sr=8-204
4.3 out of 5 stars,786,https://www.amazon.in//HP-Pavilion-Processor-15-6-inch-15-dk1508TX/dp/B08ZN6KNP1/ref=sr_1_205?dchild=1&keywords=laptop&qid=1624540848&sr=8-205
5.0 out of 5 stars,1,https://www.amazon.in//Lenovo-Y545-Display-i7-9750H-GeForce/dp/B08BJCKZTN/ref=sr_1_206?dchild=1&keywords=laptop&qid=1624540848&sr=8-206
3.7 out of 5 stars,191,https://www.amazon.in//HP-2D8C6PA-3-3300U-Windows-10-Graphics/dp/B08KJ92N9V/ref=sr_1_207?dchild=1&keywords=laptop&qid=1624540848&sr=8-207
4.2 out of 5 stars,231,https://www.amazon.in//HP-Pavilion-Touchscreen-Convertible-14-dw1038TU/dp/B08R13XHKZ/ref=sr_1_208?dchild=1&keywords=laptop&qid=1624540848&sr=8-208
4.3 out of 5 stars,108,https://www.amazon.in//Dell-Inspiron-Integrated-Graphics-Briefcase/dp/B091SD7PTK/ref=sr_1_209?dchild=1&keywords=laptop&qid=1624540852&sr=8-209
1.6 out of 5 stars,3,https://www.amazon.in//Renewed-Dell-Latitude-Laptop-WEBCAM/dp/B08L5527XY/ref=sr_1_210?dchild=1&keywords=laptop&qid=1624540852&sr=8-210
3.8 out of 5 stars,104,https://www.amazon.in//HP-14-inch-5-3500U-Graphics-2D5Y6PA/dp/B08L3JR736/ref=sr_1_211?dchild=1&keywords=laptop&qid=1624540852&sr=8-211
4.5 out of 5 stars,58,https://www.amazon.in//ASUS-i5-10300H-Graphics-Fortress-FX566LU-HN251T/dp/B08BR8TLYR/ref=sr_1_212?dchild=1&keywords=laptop&qid=1624540852&sr=8-212
3.5 out of 5 stars,26,https://www.amazon.in//Inspiron-7490-i5-10210U-Microsoft-Graphics/dp/B0842Z99KY/ref=sr_1_213?dchild=1&keywords=laptop&qid=1624540852&sr=8-213
5.0 out of 5 stars,1,https://www.amazon.in//Renewed-Lenovo-15-6-Inch-Windows-Graphics/dp/B08XZYMQ5R/ref=sr_1_214?dchild=1&keywords=laptop&qid=1624540852&sr=8-214
4.4 out of 5 stars,27,https://www.amazon.in//Acer-Aspire-Intel-Core-Generation/dp/B091XPFQC3/ref=sr_1_215?dchild=1&keywords=laptop&qid=1624540852&sr=8-215
3.6 out of 5 stars,91,https://www.amazon.in//HP-Pavilion-15-6-inch-5-3550H-15-ec0100AX/dp/B08CYZM4Y3/ref=sr_1_216?dchild=1&keywords=laptop&qid=1624540852&sr=8-216
3.9 out of 5 stars,104,https://www.amazon.in//Lenovo-Laptop-Windows-Office-81UE0085IN/dp/B08JCL6R75/ref=sr_1_217?dchild=1&keywords=laptop&qid=1624540852&sr=8-217
3.7 out of 5 stars,815,https://www.amazon.in//Lenovo-Ideapad-Windows-Platinum-81WE004YIN/dp/B08BSGB42Y/ref=sr_1_218?dchild=1&keywords=laptop&qid=1624540852&sr=8-218
,N/A,https://www.amazon.in//Dell-Latitude-Upgradable-Integrated-Graphics/dp/B09414JQ8B/ref=sr_1_219?dchild=1&keywords=laptop&qid=1624540852&sr=8-219
2.9 out of 5 stars,3,https://www.amazon.in//MSI-i7-10750H-IPS-Level-Windows-10SDR-1280IN/dp/B093L8JCZV/ref=sr_1_220?dchild=1&keywords=laptop&qid=1624540852&sr=8-220
3.3 out of 5 stars,10,https://www.amazon.in//Acer-Aspire-Generation-Processor-15-6-inch/dp/B0953487YD/ref=sr_1_221?dchild=1&keywords=laptop&qid=1624540852&sr=8-221
4.6 out of 5 stars,3,https://www.amazon.in//Lenovo-Laptop-512SSD-Graphics-82A3009RIN/dp/B092MRNLLF/ref=sr_1_222?dchild=1&keywords=laptop&qid=1624540852&sr=8-222
4.2 out of 5 stars,156,https://www.amazon.in//Lenovo-Integrated-Graphics-Graphite-81YM002TIN/dp/B087D3VVW3/ref=sr_1_223?dchild=1&keywords=laptop&qid=1624540852&sr=8-223
,N/A,https://www.amazon.in//Dell-13-3-inch-i7-8550U-Integrated-Graphics/dp/B08MJDHDBL/ref=sr_1_224?dchild=1&keywords=laptop&qid=1624540852&sr=8-224
,N/A,https://www.amazon.in//HP-Commercial-Laptop-Professional-3Y668PA/dp/B092ZZR8JH/ref=sr_1_225?dchild=1&keywords=laptop&qid=1624540855&sr=8-225
2.6 out of 5 stars,2,https://www.amazon.in//Lenovo-Ideapad-Laptop-Windows-81W800TDIN/dp/B08PCWSKTM/ref=sr_1_226?dchild=1&keywords=laptop&qid=1624540855&sr=8-226
,N/A,https://www.amazon.in//Renewed-Fujitsu-15-6-Inch-Windows-Graphics/dp/B091B86KWR/ref=sr_1_227?dchild=1&keywords=laptop&qid=1624540855&sr=8-227
4.3 out of 5 stars,14,https://www.amazon.in//Acer-Windows-Graphic-A515-56-54FN-Display/dp/B08XMF2X8M/ref=sr_1_228?dchild=1&keywords=laptop&qid=1624540855&sr=8-228
4.4 out of 5 stars,85,https://www.amazon.in//Lenovo-IdeaPad-39-62cms-Graphics-82EY00L9IN/dp/B08SK27PKH/ref=sr_1_229?dchild=1&keywords=laptop&qid=1624540855&sr=8-229
,N/A,https://www.amazon.in//Renewed-Lenovo-Thinkpad-Laptop-Intel/dp/B097C61VV2/ref=sr_1_230?dchild=1&keywords=laptop&qid=1624540855&sr=8-230
4.3 out of 5 stars,237,https://www.amazon.in//Lenovo-Windows10-Fingerprint-Aluminium-82FG00BQIN/dp/B08P3LX5BQ/ref=sr_1_231?dchild=1&keywords=laptop&qid=1624540855&sr=8-231
,N/A,https://www.amazon.in//Renewed-Lenovo-Thinkpad-Laptop-Intel/dp/B097C2Q86T/ref=sr_1_232?dchild=1&keywords=laptop&qid=1624540855&sr=8-232
,N/A,https://www.amazon.in//HP-Convertible-Touchscreen-i5-1135G7-13-bd0004TU/dp/B097HN6BRR/ref=sr_1_233?dchild=1&keywords=laptop&qid=1624540855&sr=8-233
3.8 out of 5 stars,28,https://www.amazon.in//Lenovo-IdeaPad-Windows10-Platinum-81WE00RNIN/dp/B08DY8LRLM/ref=sr_1_234?dchild=1&keywords=laptop&qid=1624540855&sr=8-234
3.4 out of 5 stars,11,https://www.amazon.in//Vivobook-X515MA-EJ101T-PQC-N5030-TRANSPARENT-International/dp/B08WLYZVSF/ref=sr_1_235?dchild=1&keywords=laptop&qid=1624540855&sr=8-235
4.6 out of 5 stars,9,https://www.amazon.in//HP-35-56cms-i7-1165G7-Windows-14s-dr2007TU/dp/B08N57LR4X/ref=sr_1_236?dchild=1&keywords=laptop&qid=1624540855&sr=8-236
4.4 out of 5 stars,12,https://www.amazon.in//Lenovo-IdeaPad-15-6-inch-Windows-82EY00V1IN/dp/B094XBL1B1/ref=sr_1_237?dchild=1&keywords=laptop&qid=1624540855&sr=8-237
3.9 out of 5 stars,133,https://www.amazon.in//Lenovo-15-inch-Laptop-Windows-82C500PFIH/dp/B08BXY8NMP/ref=sr_1_238?dchild=1&keywords=laptop&qid=1624540855&sr=8-238
3.5 out of 5 stars,251,https://www.amazon.in//ASUS-VivoBook-15-6-inch-Integrated-X540NA-GQ285T/dp/B08BV8N5ZR/ref=sr_1_239?dchild=1&keywords=laptop&qid=1624540855&sr=8-239
3.2 out of 5 stars,4,https://www.amazon.in//Dell-Inspiron-3501-15-inch-i5-1135G7/dp/B08QCM3QY6/ref=sr_1_240?dchild=1&keywords=laptop&qid=1624540855&sr=8-240
,N/A,https://www.amazon.in//Dell-i5-1135G7-Integrated-Graphics-Briefcase/dp/B091S4GXDR/ref=sr_1_241?dchild=1&keywords=laptop&qid=1624540858&sr=8-241
4.2 out of 5 stars,92,https://www.amazon.in//Lenovo-Windows10-Fingerprint-Aluminium-82FG00BPIN/dp/B08P3LVRL8/ref=sr_1_242?dchild=1&keywords=laptop&qid=1624540858&sr=8-242
4.5 out of 5 stars,195,https://www.amazon.in//Lenovo-Windows-Graphics-Phantom-82AU00KGIN/dp/B08JLQX4GZ/ref=sr_1_243?dchild=1&keywords=laptop&qid=1624540858&sr=8-243
N/A,N/A,https://www.amazon.in//Dell-Inspiron-5491-i3-10110U-14/dp/B091SYG8K3/ref=sr_1_244?dchild=1&keywords=laptop&qid=1624540858&sr=8-244
3.0 out of 5 stars,2,https://www.amazon.in//HP-Pavilion-Processor-15-6-inch-15-dk1148TX/dp/B091FJ5WPQ/ref=sr_1_245?dchild=1&keywords=laptop&qid=1624540858&sr=8-245
4.1 out of 5 stars,87,https://www.amazon.in//Microsoft-Touchscreen-Integrated-Graphics-VGY-00021/dp/B08692DXK2/ref=sr_1_246?dchild=1&keywords=laptop&qid=1624540858&sr=8-246
3.4 out of 5 stars,61,https://www.amazon.in//Lenovo-IdeaPad-15-6-inch-Platinum-81W800TEIN/dp/B08W8J4TQB/ref=sr_1_247?dchild=1&keywords=laptop&qid=1624540858&sr=8-247
1.8 out of 5 stars,3,https://www.amazon.in//ASUS-Laptop-X515JA-EJ501T-i5-1035G1-Windows/dp/B08SRBKWXQ/ref=sr_1_248?dchild=1&keywords=laptop&qid=1624540858&sr=8-248
3.9 out of 5 stars,554,https://www.amazon.in//Lenovo-Ideapad-Windows-Graphics-81WJ002SIN/dp/B08696H3JD/ref=sr_1_249?dchild=1&keywords=laptop&qid=1624540858&sr=8-249
3.3 out of 5 stars,15,https://www.amazon.in//EXTENSA-Ex215-52-30GA-Intel%C2%AE-i3-1005G1-Supports/dp/B08JM39SVS/ref=sr_1_250?dchild=1&keywords=laptop&qid=1624540858&sr=8-250
3.3 out of 5 stars,14,https://www.amazon.in//Vivobook-X515MA-EJ001T-Silver-Intel-Celeron/dp/B08CKRTZ7C/ref=sr_1_251?dchild=1&keywords=laptop&qid=1624540858&sr=8-251
4.1 out of 5 stars,85,https://www.amazon.in//Dell-Inspiron-15-6-inch-Laptop-Graphics/dp/B08KY7QQ7H/ref=sr_1_252?dchild=1&keywords=laptop&qid=1624540858&sr=8-252
3.8 out of 5 stars,31,https://www.amazon.in//Dell-Inspiron-i5-1135G7-Integrated-D560401WIN9BE/dp/B08MPXD3YD/ref=sr_1_253?dchild=1&keywords=laptop&qid=1624540858&sr=8-253
3.5 out of 5 stars,115,https://www.amazon.in//ASUS-VivoBook-i3-1005G1-Integrated-X515JA-EJ301T/dp/B08PQVXSVK/ref=sr_1_254?dchild=1&keywords=laptop&qid=1624540858&sr=8-254
3.0 out of 5 stars,6,https://www.amazon.in//LifeDigital-Laptop-Intel%C2%AE-Storage-Windows/dp/B08HRK3CD9/ref=sr_1_255?dchild=1&keywords=laptop&qid=1624540858&sr=8-255
,N/A,https://www.amazon.in//Renewed-Lenovo-Thinkpad-Hybrid-Laptop/dp/B097C6982Q/ref=sr_1_256?dchild=1&keywords=laptop&qid=1624540858&sr=8-256
3.4 out of 5 stars,17,https://www.amazon.in//Lenovo-ThinkPad-Integrated-Graphics-Web-conferencing/dp/B08S7HT33M/ref=sr_1_257?dchild=1&keywords=laptop&qid=1624540861&sr=8-257
,N/A,https://www.amazon.in//Renewed-Lenovo-Hybrid-Thinkpad-Numeric/dp/B08T9WT52F/ref=sr_1_258?dchild=1&keywords=laptop&qid=1624540861&sr=8-258
3.5 out of 5 stars,3,https://www.amazon.in//Renewed-Dell-Latitude-Integrated-Graphics/dp/B09414Z1ZG/ref=sr_1_259?dchild=1&keywords=laptop&qid=1624540861&sr=8-259
4.3 out of 5 stars,19,https://www.amazon.in//HP-Pavilion-15-6-inch-Graphics-15-ec0106ax/dp/B08G57FKVH/ref=sr_1_260?dchild=1&keywords=laptop&qid=1624540861&sr=8-260
,N/A,https://www.amazon.in//ASUS-Vivobook-Gaming-Core-F571GT-BN913TS/dp/B097JW48H6/ref=sr_1_261?dchild=1&keywords=laptop&qid=1624540861&sr=8-261
4.7 out of 5 stars,13,https://www.amazon.in//ASUS-i5-10300H-Graphics-Windows-G512LI-HN118TS/dp/B0933K2MBQ/ref=sr_1_262?dchild=1&keywords=laptop&qid=1624540861&sr=8-262
N/A,N/A,https://www.amazon.in//HP-i5-10210U-i7-8665U-Keyboard-Graphics/dp/B08QYTC6Q3/ref=sr_1_263?dchild=1&keywords=laptop&qid=1624540861&sr=8-263
3.9 out of 5 stars,111,https://www.amazon.in//HP-14-inch-i3-1005G1-Natural-14s-er0004TU/dp/B08HHB9Q2M/ref=sr_1_264?dchild=1&keywords=laptop&qid=1624540861&sr=8-264
2.9 out of 5 stars,6,https://www.amazon.in//ASUS-i3-1005G1-Office-X515JA-EJ302TS-Transparent/dp/B08QDL9GVM/ref=sr_1_265?dchild=1&keywords=laptop&qid=1624540861&sr=8-265
3.5 out of 5 stars,"1,006",https://www.amazon.in//Lenovo-Ideapad-Windows-Platinum-81W800SAIN/dp/B08CQ86LZ3/ref=sr_1_266?dchild=1&keywords=laptop&qid=1624540861&sr=8-266
5.0 out of 5 stars,1,https://www.amazon.in//Renewed-Fujitsu-15-6-Inch-Windows-Graphics/dp/B091B79K46/ref=sr_1_267?dchild=1&keywords=laptop&qid=1624540861&sr=8-267
,N/A,https://www.amazon.in//Renewed-Lenovo-Thinkpad-Laptop-Intel/dp/B095RR97SB/ref=sr_1_268?dchild=1&keywords=laptop&qid=1624540861&sr=8-268
3.3 out of 5 stars,20,https://www.amazon.in//Acer-A315-55G-15-6-inch-i5-10210Ur-Graphics/dp/B088CF91GM/ref=sr_1_269?dchild=1&keywords=laptop&qid=1624540861&sr=8-269
2.9 out of 5 stars,40,https://www.amazon.in//LifeDigital-Laptop-Intel%C2%AE-Storage-Windows/dp/B08HRHH2NH/ref=sr_1_270?dchild=1&keywords=laptop&qid=1624540861&sr=8-270
3.0 out of 5 stars,152,https://www.amazon.in//Lenovo-Ideapad-Laptop-Windows-81W10052IN/dp/B087D454KV/ref=sr_1_271?dchild=1&keywords=laptop&qid=1624540861&sr=8-271
4.0 out of 5 stars,2,https://www.amazon.in//ASUS-K513EA-BQ563TS-i5-1135G7-Transparent-International/dp/B08W9G8NBD/ref=sr_1_272?dchild=1&keywords=laptop&qid=1624540861&sr=8-272
,N/A,https://www.amazon.in//MSI-Creator-17-Space-Grey-A10SFS-685IN/dp/B08RX6M1BZ/ref=sr_1_273?dchild=1&keywords=laptop&qid=1624540864&sr=8-273
2.9 out of 5 stars,12,https://www.amazon.in//Acer-i3-1005G1-Integrated-Graphics-EX215-22/dp/B08T69P9ZF/ref=sr_1_274?dchild=1&keywords=laptop&qid=1624540864&sr=8-274
,N/A,https://www.amazon.in//HP-6570b-i5-8-GB-240-GB-Integrated/dp/B07PRL2J9Y/ref=sr_1_275?dchild=1&keywords=laptop&qid=1624540864&sr=8-275
,N/A,https://www.amazon.in//i7-10750H-FHD-144hz-GTX1660Ti-6GB-Backlit-4-G712LU-EV078T/dp/B08H8VNBTP/ref=sr_1_276?dchild=1&keywords=laptop&qid=1624540864&sr=8-276
3.9 out of 5 stars,4,https://www.amazon.in//ASUS-X509JA-EJ529T-i5-1035G1-Transparent-International/dp/B08GM4GHFJ/ref=sr_1_277?dchild=1&keywords=laptop&qid=1624540864&sr=8-277
3.6 out of 5 stars,48,https://www.amazon.in//2019_Dell-Generation-Processor-Fingerprint-Bluetooth/dp/B07ZMRSZ7H/ref=sr_1_278?dchild=1&keywords=laptop&qid=1624540864&sr=8-278
4.0 out of 5 stars,3,https://www.amazon.in//Dell-Inspiron-5410-i5-1135G7-D560465WIN9S/dp/B093H93P7X/ref=sr_1_279?dchild=1&keywords=laptop&qid=1624540864&sr=8-279
,N/A,https://www.amazon.in//Renewed-Dell-Latitude-Laptop-E5480/dp/B091N3B28J/ref=sr_1_280?dchild=1&keywords=laptop&qid=1624540864&sr=8-280
,N/A,https://www.amazon.in//Renewed-Dell-14-Inch-1366x768-LATITUDE/dp/B08TX3HVMF/ref=sr_1_281?dchild=1&keywords=laptop&qid=1624540864&sr=8-281
N/A,N/A,https://www.amazon.in//NE15V2IN007P-15-6-inch-R5-3500U-RadeonTM-Graphics/dp/B08MLLZ8ZG/ref=sr_1_282?dchild=1&keywords=laptop&qid=1624540864&sr=8-282
4.0 out of 5 stars,35,https://www.amazon.in//HP-Pavilion-Touchscreen-Convertible-14-dw1040TU/dp/B08R843NHL/ref=sr_1_283?dchild=1&keywords=laptop&qid=1624540864&sr=8-283
2.5 out of 5 stars,2,https://www.amazon.in//Renewed-Fujitsu-15-6-Inch-Windows-Graphics/dp/B091B888RB/ref=sr_1_284?dchild=1&keywords=laptop&qid=1624540864&sr=8-284
4.0 out of 5 stars,55,https://www.amazon.in//Microsoft-STQ-00013-10-1-inch-Processor-Graphics/dp/B08DHHB2W1/ref=sr_1_285?dchild=1&keywords=laptop&qid=1624540864&sr=8-285
3.9 out of 5 stars,12,https://www.amazon.in//Acer-Aspire-Core-9th-A715-75G-51H8/dp/B08XYJW59X/ref=sr_1_286?dchild=1&keywords=laptop&qid=1624540864&sr=8-286
3.8 out of 5 stars,39,https://www.amazon.in//Lenovo-Touchscreen-Windows-Fingerprint-82FN004QIN/dp/B08Y96J1ZJ/ref=sr_1_287?dchild=1&keywords=laptop&qid=1624540864&sr=8-287
4.1 out of 5 stars,64,https://www.amazon.in//Acer-14-inch-Display-Graphics-SF314-42/dp/B08NXYT6VY/ref=sr_1_288?dchild=1&keywords=laptop&qid=1624540864&sr=8-288
4.5 out of 5 stars,80,https://www.amazon.in//Lenovo-15-6-inch-Windows-Graphics-81SY00UCIN/dp/B094X6LM8D/ref=sr_1_289?dchild=1&keywords=laptop&qid=1624540869&sr=8-289
3.9 out of 5 stars,66,https://www.amazon.in//Dell-Inspiron-i3-1005G1-Integrated-D560396WIN9BE/dp/B08X4JQ58G/ref=sr_1_290?dchild=1&keywords=laptop&qid=1624540869&sr=8-290
5.0 out of 5 stars,1,https://www.amazon.in//Dell-Latitude-Upgradable-Integrated-Graphics/dp/B094151TQC/ref=sr_1_291?dchild=1&keywords=laptop&qid=1624540869&sr=8-291
3.7 out of 5 stars,76,https://www.amazon.in//HP-Notebook-2A9A5PA-Celeron-Graphics/dp/B08JQJS9SB/ref=sr_1_292?dchild=1&keywords=laptop&qid=1624540869&sr=8-292
3.0 out of 5 stars,1,https://www.amazon.in//Vivobook-M515DA-BQ512TS-Laptop-Ryzen-Windows/dp/B094X1SYN8/ref=sr_1_293?dchild=1&keywords=laptop&qid=1624540869&sr=8-293
3.1 out of 5 stars,7,https://www.amazon.in//Latitude-E5440-i5-4-GB-500-GB-Integrated/dp/B07N9737QR/ref=sr_1_294?dchild=1&keywords=laptop&qid=1624540869&sr=8-294
3.4 out of 5 stars,170,https://www.amazon.in//Dell-Inspiron-3501-15-6-inch-i3-1005G1/dp/B08L4RH8JM/ref=sr_1_295?dchild=1&keywords=laptop&qid=1624540869&sr=8-295
2.8 out of 5 stars,5,https://www.amazon.in//Renewed-AVITA-NS14A8INW561-IBA-Graphics-Infinite/dp/B08LTPBD86/ref=sr_1_296?dchild=1&keywords=laptop&qid=1624540869&sr=8-296
4.3 out of 5 stars,16,https://www.amazon.in//Renewed-Lenovo-L540-Thinkpad-Numeric/dp/B07YL1J18R/ref=sr_1_297?dchild=1&keywords=laptop&qid=1624540869&sr=8-297
4.8 out of 5 stars,6,https://www.amazon.in//Renewed-Lenovo-15-6-Inch-Windows-Graphics/dp/B08XZZ5Z88/ref=sr_1_298?dchild=1&keywords=laptop&qid=1624540869&sr=8-298
4.1 out of 5 stars,5,https://www.amazon.in//Lenovo-15-6-inch-Laptop-Windows-82C500RQIH/dp/B08M6BDX2B/ref=sr_1_299?dchild=1&keywords=laptop&qid=1624540869&sr=8-299
3.9 out of 5 stars,10,https://www.amazon.in//Lenovo-82C5A009IH-i3-1005G1-Integrated-Graphics/dp/B08DHS5SKR/ref=sr_1_300?dchild=1&keywords=laptop&qid=1624540869&sr=8-300
2.9 out of 5 stars,74,https://www.amazon.in//Lenovo-Ideapad-Laptop-Windows-81UT00J7IN/dp/B087D2TWRR/ref=sr_1_301?dchild=1&keywords=laptop&qid=1624540869&sr=8-301
3.6 out of 5 stars,210,https://www.amazon.in//Acer-Processor-Integrated-Graphics-Z2-485/dp/B08CY9SL14/ref=sr_1_302?dchild=1&keywords=laptop&qid=1624540869&sr=8-302
3.4 out of 5 stars,28,https://www.amazon.in//Lenovo-15-inch-Laptop-Windows-82C500PXIH/dp/B08BY24TMR/ref=sr_1_303?dchild=1&keywords=laptop&qid=1624540869&sr=8-303
4.0 out of 5 stars,4,https://www.amazon.in//Dell-Inspiron-R5-3450U-Graphics-D560431WIN9B/dp/B0919M8GTN/ref=sr_1_304?dchild=1&keywords=laptop&qid=1624540869&sr=8-304
4.5 out of 5 stars,165,https://www.amazon.in//HP-Pavilion-Touchscreen-i3-10110U-14-dh1181tu/dp/B08HK11NCJ/ref=sr_1_305?dchild=1&keywords=laptop&qid=1624540872&sr=8-305
4.7 out of 5 stars,14,https://www.amazon.in//Lenovo-Ideapad-Graphics-Graphite-82FG0117IN/dp/B092MV9ZF6/ref=sr_1_306?dchild=1&keywords=laptop&qid=1624540872&sr=8-306
